<?xml version="1.0" encoding="UTF-8"?>
<GenRun Id="impl_1" LaunchPart="xa7a15tcsg324-2I" LaunchTime="1758383205">
  <File Type="REPORTS-TCL" Name="RISC_V_reports.tcl"/>
  <File Type="ROUTE-PWR-SUM" Name="RISC_V_power_summary_routed.pb"/>
  <File Type="BITSTR-MMI" Name="RISC_V.mmi"/>
  <File Type="OPT-DRC" Name="RISC_V_drc_opted.rpt"/>
  <File Type="BG-DRC" Name="RISC_V.drc"/>
  <File Type="ROUTE-STATUS-PB" Name="RISC_V_route_status.pb"/>
  <File Type="BG-BGN" Name="RISC_V.bgn"/>
  <File Type="PLACE-UTIL" Name="RISC_V_utilization_placed.rpt"/>
  <File Type="PLACE-UTIL-PB" Name="RISC_V_utilization_placed.pb"/>
  <File Type="PLACE-IO" Name="RISC_V_io_placed.rpt"/>
  <File Type="BG-BIN" Name="RISC_V.bin"/>
  <File Type="PLACE-CTRL" Name="RISC_V_control_sets_placed.rpt"/>
  <File Type="ROUTE-PWR-RPX" Name="RISC_V_power_routed.rpx"/>
  <File Type="BITSTR-MSK" Name="RISC_V.msk"/>
  <File Type="BITSTR-RBT" Name="RISC_V.rbt"/>
  <File Type="ROUTE-TIMINGSUMMARY" Name="RISC_V_timing_summary_routed.rpt"/>
  <File Type="ROUTE-TIMING-RPX" Name="RISC_V_timing_summary_routed.rpx"/>
  <File Type="ROUTE-STATUS" Name="RISC_V_route_status.rpt"/>
  <File Type="PA-TCL" Name="RISC_V.tcl"/>
  <File Type="ROUTE-PWR" Name="RISC_V_power_routed.rpt"/>
  <File Type="ROUTE-DRC" Name="RISC_V_drc_routed.rpt"/>
  <File Type="ROUTE-DRC-RPX" Name="RISC_V_drc_routed.rpx"/>
  <File Type="ROUTE-DRC-PB" Name="RISC_V_drc_routed.pb"/>
  <File Type="BITSTR-SYSDEF" Name="RISC_V.sysdef"/>
  <File Type="ROUTE-METHODOLOGY-DRC" Name="RISC_V_methodology_drc_routed.rpt"/>
  <File Type="ROUTE-METHODOLOGY-DRC-RPX" Name="RISC_V_methodology_drc_routed.rpx"/>
  <File Type="BITSTR-LTX" Name="debug_nets.ltx"/>
  <File Type="BITSTR-LTX" Name="RISC_V.ltx"/>
  <File Type="ROUTE-METHODOLOGY-DRC-PB" Name="RISC_V_methodology_drc_routed.pb"/>
  <File Type="ROUTE-SIMILARITY" Name="RISC_V_incremental_reuse_routed.rpt"/>
  <File Type="RDI-RDI" Name="RISC_V.vdi"/>
  <File Type="ROUTE-CLK" Name="RISC_V_clock_utilization_routed.rpt"/>
  <File Type="ROUTE-BUS-SKEW" Name="RISC_V_bus_skew_routed.rpt"/>
  <File Type="ROUTE-BUS-SKEW-RPX" Name="RISC_V_bus_skew_routed.rpx"/>
  <File Type="ROUTE-BUS-SKEW-PB" Name="RISC_V_bus_skew_routed.pb"/>
  <File Type="POSTROUTE-PHYSOPT-TIMING" Name="RISC_V_timing_summary_postroute_physopted.rpt"/>
  <File Type="POSTROUTE-PHYSOPT-TIMING-RPX" Name="RISC_V_timing_summary_postroute_physopted.rpx"/>
  <File Type="POSTROUTE-PHYSOPT-TIMING-PB" Name="RISC_V_timing_summary_postroute_physopted.pb"/>
  <File Type="POSTROUTE-PHYSOPT-BUS-SKEW" Name="RISC_V_bus_skew_postroute_physopted.rpt"/>
  <File Type="POSTROUTE-PHYSOPT-BUS-SKEW-RPX" Name="RISC_V_bus_skew_postroute_physopted.rpx"/>
  <File Type="BG-BIT" Name="RISC_V.bit"/>
  <File Type="POSTROUTE-PHYSOPT-BUS-SKEW-PB" Name="RISC_V_bus_skew_postroute_physopted.pb"/>
  <File Type="BITSTR-NKY" Name="RISC_V.nky"/>
  <File Type="BITSTR-BMM" Name="RISC_V_bd.bmm"/>
  <File Type="WBT-USG" Name="usage_statistics_webtalk.html"/>
  <File Type="OPT-HWDEF" Name="RISC_V.hwdef"/>
  <File Type="PLACE-PRE-SIMILARITY" Name="RISC_V_incremental_reuse_pre_placed.rpt"/>
  <File Type="ROUTE-DCP" Name="RISC_V_routed.dcp"/>
  <File Type="ROUTE-ERROR-DCP" Name="RISC_V_routed_error.dcp"/>
  <File Type="ROUTE-BLACKBOX-DCP" Name="RISC_V_routed_bb.dcp"/>
  <File Type="ROUTE-TIMING-PB" Name="RISC_V_timing_summary_routed.pb"/>
  <File Type="OPT-DCP" Name="RISC_V_opt.dcp"/>
  <File Type="PLACE-DCP" Name="RISC_V_placed.dcp"/>
  <File Type="PWROPT-DCP" Name="RISC_V_pwropt.dcp"/>
  <File Type="POSTPLACE-PWROPT-DCP" Name="RISC_V_postplace_pwropt.dcp"/>
  <File Type="PHYSOPT-DCP" Name="RISC_V_physopt.dcp"/>
  <File Type="POSTROUTE-PHYSOPT-DCP" Name="RISC_V_postroute_physopt.dcp"/>
  <File Type="POSTROUTE-PHYSOPT-BLACKBOX-DCP" Name="RISC_V_postroute_physopt_bb.dcp"/>
  <File Type="PDI-FILE" Name="RISC_V.pdi"/>
  <File Type="BOOT-PDI-FILE" Name="RISC_V_boot.pdi"/>
  <File Type="PL-PDI-FILE" Name="RISC_V_pld.pdi"/>
  <File Type="RCFI_FILE" Name="RISC_V.rcfi"/>
  <File Type="CFI_FILE" Name="RISC_V.cfi"/>
  <File Type="RNPI_FILE" Name="RISC_V.rnpi"/>
  <File Type="NPI_FILE" Name="RISC_V.npi"/>
  <File Type="RBD_FILE" Name="RISC_V.rbd"/>
  <File Type="ROUTE-RQS" Name="RISC_V_routed.rqs"/>
  <File Type="POSTROUTE-PHYSOPT-RQS" Name="RISC_V_postroute_physopted.rqs"/>
  <File Type="ROUTE-RQS-RPT" Name="route_report_qor_suggestions_0.rpt"/>
  <File Type="POSTROUTE-PHYSOPT-RQS-RPT" Name="postroute_physopt_report_qor_suggestions_0.rpt"/>
  <File Type="MMI-FILE" Name="RISC_V.mmi"/>
  <File Type="BIF-FILE" Name="RISC_V.bif"/>
  <File Type="BOOT-BIF-FILE" Name="RISC_V_boot.bif"/>
  <File Type="PL-BIF-FILE" Name="RISC_V_pld.bif"/>
  <File Type="LTX-FILE" Name="RISC_V.ltx"/>
  <File Type="BOOT-LTX-FILE" Name="RISC_V_boot.ltx"/>
  <File Type="PL-LTX-FILE" Name="RISC_V_pld.ltx"/>
  <File Type="RCDO-FILE" Name="RISC_V.rcdo"/>
  <File Type="MARKER-RCDO-FILE" Name="RISC_V_markers.rcdo"/>
  <File Type="PL-RCDO-FILE" Name="RISC_V_pld.rcdo"/>
  <File Type="MARKER-RNPI-FILE" Name="RISC_V_markers.rnpi"/>
  <File Type="BOOT_RNPI_FILE" Name="RISC_V_boot.rnpi"/>
  <File Type="PL_RNPI_FILE" Name="RISC_V_pld.rnpi"/>
  <File Type="BOOT_MARKER_RNPI_FILE" Name="RISC_V_boot_markers.rnpi"/>
  <File Type="PL_MARKER_RNPI_FILE" Name="RISC_V_pld_markers.rnpi"/>
  <File Type="PL_MASK_RNPI_FILE" Name="RISC_V_pld_mask.rnpi"/>
  <File Type="PL_SHUTDOWN_RNPI_FILE" Name="RISC_V_pld_shutdown.rnpi"/>
  <File Type="PL_UNMASK_RNPI_FILE" Name="RISC_V_pld_unmask.rnpi"/>
  <File Type="PL-CLEAR-RCDO-FILE" Name="RISC_V_pld_clear.rcdo"/>
  <File Type="PL_MARKER_RCDO_FILE" Name="RISC_V_pld_markers.rcdo"/>
  <File Type="PL_MASK_RCDO_FILE" Name="RISC_V_pld_mask.rcdo"/>
  <File Type="PL_UNMASK_MARKER_RCDO_FILE" Name="RISC_V_pld_unmask_markers.rcdo"/>
  <File Type="PL_UNMASK_RCDO_FILE" Name="RISC_V_pld_unmask.rcdo"/>
  <FileSet Name="sources" Type="DesignSrcs" RelSrcDir="$PSRCDIR/sources_1" RelGenDir="$PGENDIR/sources_1">
    <Filter Type="Srcs"/>
    <File Path="$PSRCDIR/sources_1/imports/RISC-V/Compinations/2x1-MUX.v">
      <FileInfo>
        <Attr Name="ImportPath" Val="E:/ECE/Verilog/RISC-V/Compinations/2x1-MUX.v"/>
        <Attr Name="ImportTime" Val="1758005160"/>
        <Attr Name="UsedIn" Val="synthesis"/>
        <Attr Name="UsedIn" Val="implementation"/>
        <Attr Name="UsedIn" Val="simulation"/>
      </FileInfo>
    </File>
    <File Path="$PSRCDIR/sources_1/imports/RISC-V/Compinations/3x1-MUX.v">
      <FileInfo>
        <Attr Name="ImportPath" Val="E:/ECE/Verilog/RISC-V/Compinations/3x1-MUX.v"/>
        <Attr Name="ImportTime" Val="1758454259"/>
        <Attr Name="UsedIn" Val="synthesis"/>
        <Attr Name="UsedIn" Val="implementation"/>
        <Attr Name="UsedIn" Val="simulation"/>
      </FileInfo>
    </File>
    <File Path="$PSRCDIR/sources_1/imports/RISC-V/Compinations/5x1-MUX.v">
      <FileInfo>
        <Attr Name="ImportPath" Val="E:/ECE/Verilog/RISC-V/Compinations/5x1-MUX.v"/>
        <Attr Name="ImportTime" Val="1758173309"/>
        <Attr Name="UsedIn" Val="synthesis"/>
        <Attr Name="UsedIn" Val="implementation"/>
        <Attr Name="UsedIn" Val="simulation"/>
      </FileInfo>
    </File>
    <File Path="$PSRCDIR/sources_1/imports/RISC-V/ALU-control.v">
      <FileInfo>
        <Attr Name="ImportPath" Val="E:/ECE/Verilog/RISC-V/ALU-control.v"/>
        <Attr Name="ImportTime" Val="1758373555"/>
        <Attr Name="UsedIn" Val="synthesis"/>
        <Attr Name="UsedIn" Val="implementation"/>
        <Attr Name="UsedIn" Val="simulation"/>
      </FileInfo>
    </File>
    <File Path="$PSRCDIR/sources_1/imports/RISC-V/ALU.v">
      <FileInfo>
        <Attr Name="ImportPath" Val="E:/ECE/Verilog/RISC-V/ALU.v"/>
        <Attr Name="ImportTime" Val="1758172003"/>
        <Attr Name="UsedIn" Val="synthesis"/>
        <Attr Name="UsedIn" Val="implementation"/>
        <Attr Name="UsedIn" Val="simulation"/>
      </FileInfo>
    </File>
    <File Path="$PSRCDIR/sources_1/imports/RISC-V/Branch-unit.v">
      <FileInfo>
        <Attr Name="ImportPath" Val="E:/ECE/Verilog/RISC-V/Branch-unit.v"/>
        <Attr Name="ImportTime" Val="1758430708"/>
        <Attr Name="UsedIn" Val="synthesis"/>
        <Attr Name="UsedIn" Val="implementation"/>
        <Attr Name="UsedIn" Val="simulation"/>
      </FileInfo>
    </File>
    <File Path="$PSRCDIR/sources_1/imports/RISC-V/Control-Unit.v">
      <FileInfo>
        <Attr Name="ImportPath" Val="E:/ECE/Verilog/RISC-V/Control-Unit.v"/>
        <Attr Name="ImportTime" Val="1758457481"/>
        <Attr Name="UsedIn" Val="synthesis"/>
        <Attr Name="UsedIn" Val="implementation"/>
        <Attr Name="UsedIn" Val="simulation"/>
      </FileInfo>
    </File>
    <File Path="$PSRCDIR/sources_1/imports/RISC-V/PC.v">
      <FileInfo>
        <Attr Name="ImportPath" Val="E:/ECE/Verilog/RISC-V/PC.v"/>
        <Attr Name="ImportTime" Val="1758382069"/>
        <Attr Name="UsedIn" Val="synthesis"/>
        <Attr Name="UsedIn" Val="implementation"/>
        <Attr Name="UsedIn" Val="simulation"/>
      </FileInfo>
    </File>
    <File Path="$PSRCDIR/sources_1/imports/RISC-V/Register-file.v">
      <FileInfo>
        <Attr Name="ImportPath" Val="E:/ECE/Verilog/RISC-V/Register-file.v"/>
        <Attr Name="ImportTime" Val="1758388493"/>
        <Attr Name="UsedIn" Val="synthesis"/>
        <Attr Name="UsedIn" Val="implementation"/>
        <Attr Name="UsedIn" Val="simulation"/>
      </FileInfo>
    </File>
    <File Path="$PSRCDIR/sources_1/imports/RISC-V/Arithmatics/adder-subber/adder_subber.v">
      <FileInfo>
        <Attr Name="ImportPath" Val="E:/ECE/Verilog/RISC-V/Arithmatics/adder-subber/adder_subber.v"/>
        <Attr Name="ImportTime" Val="1757031155"/>
        <Attr Name="UsedIn" Val="synthesis"/>
        <Attr Name="UsedIn" Val="implementation"/>
        <Attr Name="UsedIn" Val="simulation"/>
      </FileInfo>
    </File>
    <File Path="$PSRCDIR/sources_1/imports/RISC-V/Arithmatics/Divider/divider.v">
      <FileInfo>
        <Attr Name="ImportPath" Val="E:/ECE/Verilog/RISC-V/Arithmatics/Divider/divider.v"/>
        <Attr Name="ImportTime" Val="1758096569"/>
        <Attr Name="UsedIn" Val="synthesis"/>
        <Attr Name="UsedIn" Val="implementation"/>
        <Attr Name="UsedIn" Val="simulation"/>
      </FileInfo>
    </File>
    <File Path="$PSRCDIR/sources_1/imports/RISC-V/Arithmatics/adder-subber/f_adder.v">
      <FileInfo>
        <Attr Name="ImportPath" Val="E:/ECE/Verilog/RISC-V/Arithmatics/adder-subber/f_adder.v"/>
        <Attr Name="ImportTime" Val="1757011879"/>
        <Attr Name="UsedIn" Val="synthesis"/>
        <Attr Name="UsedIn" Val="implementation"/>
        <Attr Name="UsedIn" Val="simulation"/>
      </FileInfo>
    </File>
    <File Path="$PSRCDIR/sources_1/imports/RISC-V/Arithmatics/adder-subber/h_adder.v">
      <FileInfo>
        <Attr Name="ImportPath" Val="E:/ECE/Verilog/RISC-V/Arithmatics/adder-subber/h_adder.v"/>
        <Attr Name="ImportTime" Val="1757009057"/>
        <Attr Name="UsedIn" Val="synthesis"/>
        <Attr Name="UsedIn" Val="implementation"/>
        <Attr Name="UsedIn" Val="simulation"/>
      </FileInfo>
    </File>
    <File Path="$PSRCDIR/sources_1/imports/RISC-V/imm-gen.v">
      <FileInfo>
        <Attr Name="ImportPath" Val="E:/ECE/Verilog/RISC-V/imm-gen.v"/>
        <Attr Name="ImportTime" Val="1758117436"/>
        <Attr Name="UsedIn" Val="synthesis"/>
        <Attr Name="UsedIn" Val="implementation"/>
        <Attr Name="UsedIn" Val="simulation"/>
      </FileInfo>
    </File>
    <File Path="$PSRCDIR/sources_1/imports/RISC-V/Arithmatics/multiplier/multiplier.v">
      <FileInfo>
        <Attr Name="ImportPath" Val="E:/ECE/Verilog/RISC-V/Arithmatics/multiplier/multiplier.v"/>
        <Attr Name="ImportTime" Val="1758008446"/>
        <Attr Name="UsedIn" Val="synthesis"/>
        <Attr Name="UsedIn" Val="implementation"/>
        <Attr Name="UsedIn" Val="simulation"/>
      </FileInfo>
    </File>
    <File Path="$PSRCDIR/sources_1/imports/RISC-V/Memmory/nP-Register.v">
      <FileInfo>
        <Attr Name="ImportPath" Val="E:/ECE/Verilog/RISC-V/Memmory/nP-Register.v"/>
        <Attr Name="ImportTime" Val="1757721383"/>
        <Attr Name="UsedIn" Val="synthesis"/>
        <Attr Name="UsedIn" Val="implementation"/>
        <Attr Name="UsedIn" Val="simulation"/>
      </FileInfo>
    </File>
    <File Path="$PSRCDIR/sources_1/imports/RISC-V/Arithmatics/adder-subber/n_adder.v">
      <FileInfo>
        <Attr Name="ImportPath" Val="E:/ECE/Verilog/RISC-V/Arithmatics/adder-subber/n_adder.v"/>
        <Attr Name="ImportTime" Val="1757022068"/>
        <Attr Name="UsedIn" Val="synthesis"/>
        <Attr Name="UsedIn" Val="implementation"/>
        <Attr Name="UsedIn" Val="simulation"/>
      </FileInfo>
    </File>
    <File Path="$PSRCDIR/sources_1/imports/RISC-V/RISC-V.v">
      <FileInfo>
        <Attr Name="ImportPath" Val="E:/ECE/Verilog/RISC-V/RISC-V.v"/>
        <Attr Name="ImportTime" Val="1758460318"/>
        <Attr Name="UsedIn" Val="synthesis"/>
        <Attr Name="UsedIn" Val="implementation"/>
        <Attr Name="UsedIn" Val="simulation"/>
      </FileInfo>
    </File>
    <Config>
      <Option Name="DesignMode" Val="RTL"/>
      <Option Name="TopModule" Val="RISC_V"/>
      <Option Name="TopAutoSet" Val="TRUE"/>
    </Config>
  </FileSet>
  <FileSet Name="constrs_in" Type="Constrs" RelSrcDir="$PSRCDIR/constrs_1" RelGenDir="$PGENDIR/constrs_1">
    <Filter Type="Constrs"/>
    <Config>
      <Option Name="ConstrsType" Val="XDC"/>
    </Config>
  </FileSet>
  <FileSet Name="utils" Type="Utils" RelSrcDir="$PSRCDIR/utils_1" RelGenDir="$PGENDIR/utils_1">
    <Filter Type="Utils"/>
    <File Path="$PSRCDIR/utils_1/imports/synth_1/RISC_V.dcp">
      <FileInfo>
        <Attr Name="UsedIn" Val="synthesis"/>
        <Attr Name="UsedIn" Val="implementation"/>
        <Attr Name="UsedInSteps" Val="synth_1"/>
        <Attr Name="AutoDcp" Val="1"/>
      </FileInfo>
    </File>
    <Config>
      <Option Name="TopAutoSet" Val="TRUE"/>
    </Config>
  </FileSet>
  <Strategy Version="1" Minor="2">
    <StratHandle Name="Vivado Implementation Defaults" Flow="Vivado Implementation 2025"/>
    <Step Id="init_design"/>
    <Step Id="opt_design"/>
    <Step Id="power_opt_design"/>
    <Step Id="place_design"/>
    <Step Id="post_place_power_opt_design"/>
    <Step Id="phys_opt_design"/>
    <Step Id="route_design"/>
    <Step Id="post_route_phys_opt_design"/>
    <Step Id="write_bitstream"/>
    <Step Id="write_device_image"/>
  </Strategy>
</GenRun>
