<?xml version="1.0" encoding="UTF-8"?>
<GenRun Id="synth_1" LaunchPart="xa7a15tcsg324-2I" LaunchTime="1758383034" LaunchIncrCheckpoint="$PSRCDIR/utils_1/imports/synth_1/RISC_V.dcp">
  <File Type="REPORTS-TCL" Name="RISC_V_reports.tcl"/>
  <File Type="RDS-UTIL" Name="RISC_V_utilization_synth.rpt"/>
  <File Type="RDS-UTIL-PB" Name="RISC_V_utilization_synth.pb"/>
  <File Type="PA-TCL" Name="RISC_V.tcl"/>
  <File Type="RDS-RDS" Name="RISC_V.vds"/>
  <File Type="RDS-DCP" Name="RISC_V.dcp"/>
  <FileSet Name="sources" Type="DesignSrcs" RelSrcDir="$PSRCDIR/sources_1" RelGenDir="$PGENDIR/sources_1">
    <Filter Type="Srcs"/>
    <File Path="$PSRCDIR/sources_1/imports/RISC-V/Compinations/2x1-MUX.v">
      <FileInfo>
        <Attr Name="ImportPath" Val="E:/ECE/Verilog/RISC-V/Compinations/2x1-MUX.v"/>
        <Attr Name="ImportTime" Val="1758005160"/>
        <Attr Name="UsedIn" Val="synthesis"/>
        <Attr Name="UsedIn" Val="implementation"/>
        <Attr Name="UsedIn" Val="simulation"/>
      </FileInfo>
    </File>
    <File Path="$PSRCDIR/sources_1/imports/RISC-V/Compinations/3x1-MUX.v">
      <FileInfo>
        <Attr Name="ImportPath" Val="E:/ECE/Verilog/RISC-V/Compinations/3x1-MUX.v"/>
        <Attr Name="ImportTime" Val="1758454259"/>
        <Attr Name="UsedIn" Val="synthesis"/>
        <Attr Name="UsedIn" Val="implementation"/>
        <Attr Name="UsedIn" Val="simulation"/>
      </FileInfo>
    </File>
    <File Path="$PSRCDIR/sources_1/imports/RISC-V/Compinations/5x1-MUX.v">
      <FileInfo>
        <Attr Name="ImportPath" Val="E:/ECE/Verilog/RISC-V/Compinations/5x1-MUX.v"/>
        <Attr Name="ImportTime" Val="1758173309"/>
        <Attr Name="UsedIn" Val="synthesis"/>
        <Attr Name="UsedIn" Val="implementation"/>
        <Attr Name="UsedIn" Val="simulation"/>
      </FileInfo>
    </File>
    <File Path="$PSRCDIR/sources_1/imports/RISC-V/ALU-control.v">
      <FileInfo>
        <Attr Name="ImportPath" Val="E:/ECE/Verilog/RISC-V/ALU-control.v"/>
        <Attr Name="ImportTime" Val="1758373555"/>
        <Attr Name="UsedIn" Val="synthesis"/>
        <Attr Name="UsedIn" Val="implementation"/>
        <Attr Name="UsedIn" Val="simulation"/>
      </FileInfo>
    </File>
    <File Path="$PSRCDIR/sources_1/imports/RISC-V/ALU.v">
      <FileInfo>
        <Attr Name="ImportPath" Val="E:/ECE/Verilog/RISC-V/ALU.v"/>
        <Attr Name="ImportTime" Val="1758172003"/>
        <Attr Name="UsedIn" Val="synthesis"/>
        <Attr Name="UsedIn" Val="implementation"/>
        <Attr Name="UsedIn" Val="simulation"/>
      </FileInfo>
    </File>
    <File Path="$PSRCDIR/sources_1/imports/RISC-V/Branch-unit.v">
      <FileInfo>
        <Attr Name="ImportPath" Val="E:/ECE/Verilog/RISC-V/Branch-unit.v"/>
        <Attr Name="ImportTime" Val="1758430708"/>
        <Attr Name="UsedIn" Val="synthesis"/>
        <Attr Name="UsedIn" Val="implementation"/>
        <Attr Name="UsedIn" Val="simulation"/>
      </FileInfo>
    </File>
    <File Path="$PSRCDIR/sources_1/imports/RISC-V/Control-Unit.v">
      <FileInfo>
        <Attr Name="ImportPath" Val="E:/ECE/Verilog/RISC-V/Control-Unit.v"/>
        <Attr Name="ImportTime" Val="1758457481"/>
        <Attr Name="UsedIn" Val="synthesis"/>
        <Attr Name="UsedIn" Val="implementation"/>
        <Attr Name="UsedIn" Val="simulation"/>
      </FileInfo>
    </File>
    <File Path="$PSRCDIR/sources_1/imports/RISC-V/PC.v">
      <FileInfo>
        <Attr Name="ImportPath" Val="E:/ECE/Verilog/RISC-V/PC.v"/>
        <Attr Name="ImportTime" Val="1758382069"/>
        <Attr Name="UsedIn" Val="synthesis"/>
        <Attr Name="UsedIn" Val="implementation"/>
        <Attr Name="UsedIn" Val="simulation"/>
      </FileInfo>
    </File>
    <File Path="$PSRCDIR/sources_1/imports/RISC-V/Register-file.v">
      <FileInfo>
        <Attr Name="ImportPath" Val="E:/ECE/Verilog/RISC-V/Register-file.v"/>
        <Attr Name="ImportTime" Val="1758388493"/>
        <Attr Name="UsedIn" Val="synthesis"/>
        <Attr Name="UsedIn" Val="implementation"/>
        <Attr Name="UsedIn" Val="simulation"/>
      </FileInfo>
    </File>
    <File Path="$PSRCDIR/sources_1/imports/RISC-V/Arithmatics/adder-subber/adder_subber.v">
      <FileInfo>
        <Attr Name="ImportPath" Val="E:/ECE/Verilog/RISC-V/Arithmatics/adder-subber/adder_subber.v"/>
        <Attr Name="ImportTime" Val="1757031155"/>
        <Attr Name="UsedIn" Val="synthesis"/>
        <Attr Name="UsedIn" Val="implementation"/>
        <Attr Name="UsedIn" Val="simulation"/>
      </FileInfo>
    </File>
    <File Path="$PSRCDIR/sources_1/imports/RISC-V/Arithmatics/Divider/divider.v">
      <FileInfo>
        <Attr Name="ImportPath" Val="E:/ECE/Verilog/RISC-V/Arithmatics/Divider/divider.v"/>
        <Attr Name="ImportTime" Val="1758096569"/>
        <Attr Name="UsedIn" Val="synthesis"/>
        <Attr Name="UsedIn" Val="implementation"/>
        <Attr Name="UsedIn" Val="simulation"/>
      </FileInfo>
    </File>
    <File Path="$PSRCDIR/sources_1/imports/RISC-V/Arithmatics/adder-subber/f_adder.v">
      <FileInfo>
        <Attr Name="ImportPath" Val="E:/ECE/Verilog/RISC-V/Arithmatics/adder-subber/f_adder.v"/>
        <Attr Name="ImportTime" Val="1757011879"/>
        <Attr Name="UsedIn" Val="synthesis"/>
        <Attr Name="UsedIn" Val="implementation"/>
        <Attr Name="UsedIn" Val="simulation"/>
      </FileInfo>
    </File>
    <File Path="$PSRCDIR/sources_1/imports/RISC-V/Arithmatics/adder-subber/h_adder.v">
      <FileInfo>
        <Attr Name="ImportPath" Val="E:/ECE/Verilog/RISC-V/Arithmatics/adder-subber/h_adder.v"/>
        <Attr Name="ImportTime" Val="1757009057"/>
        <Attr Name="UsedIn" Val="synthesis"/>
        <Attr Name="UsedIn" Val="implementation"/>
        <Attr Name="UsedIn" Val="simulation"/>
      </FileInfo>
    </File>
    <File Path="$PSRCDIR/sources_1/imports/RISC-V/imm-gen.v">
      <FileInfo>
        <Attr Name="ImportPath" Val="E:/ECE/Verilog/RISC-V/imm-gen.v"/>
        <Attr Name="ImportTime" Val="1758117436"/>
        <Attr Name="UsedIn" Val="synthesis"/>
        <Attr Name="UsedIn" Val="implementation"/>
        <Attr Name="UsedIn" Val="simulation"/>
      </FileInfo>
    </File>
    <File Path="$PSRCDIR/sources_1/imports/RISC-V/Arithmatics/multiplier/multiplier.v">
      <FileInfo>
        <Attr Name="ImportPath" Val="E:/ECE/Verilog/RISC-V/Arithmatics/multiplier/multiplier.v"/>
        <Attr Name="ImportTime" Val="1758008446"/>
        <Attr Name="UsedIn" Val="synthesis"/>
        <Attr Name="UsedIn" Val="implementation"/>
        <Attr Name="UsedIn" Val="simulation"/>
      </FileInfo>
    </File>
    <File Path="$PSRCDIR/sources_1/imports/RISC-V/Memmory/nP-Register.v">
      <FileInfo>
        <Attr Name="ImportPath" Val="E:/ECE/Verilog/RISC-V/Memmory/nP-Register.v"/>
        <Attr Name="ImportTime" Val="1757721383"/>
        <Attr Name="UsedIn" Val="synthesis"/>
        <Attr Name="UsedIn" Val="implementation"/>
        <Attr Name="UsedIn" Val="simulation"/>
      </FileInfo>
    </File>
    <File Path="$PSRCDIR/sources_1/imports/RISC-V/Arithmatics/adder-subber/n_adder.v">
      <FileInfo>
        <Attr Name="ImportPath" Val="E:/ECE/Verilog/RISC-V/Arithmatics/adder-subber/n_adder.v"/>
        <Attr Name="ImportTime" Val="1757022068"/>
        <Attr Name="UsedIn" Val="synthesis"/>
        <Attr Name="UsedIn" Val="implementation"/>
        <Attr Name="UsedIn" Val="simulation"/>
      </FileInfo>
    </File>
    <File Path="$PSRCDIR/sources_1/imports/RISC-V/RISC-V.v">
      <FileInfo>
        <Attr Name="ImportPath" Val="E:/ECE/Verilog/RISC-V/RISC-V.v"/>
        <Attr Name="ImportTime" Val="1758460318"/>
        <Attr Name="UsedIn" Val="synthesis"/>
        <Attr Name="UsedIn" Val="implementation"/>
        <Attr Name="UsedIn" Val="simulation"/>
      </FileInfo>
    </File>
    <Config>
      <Option Name="DesignMode" Val="RTL"/>
      <Option Name="TopModule" Val="RISC_V"/>
      <Option Name="TopAutoSet" Val="TRUE"/>
    </Config>
  </FileSet>
  <FileSet Name="constrs_in" Type="Constrs" RelSrcDir="$PSRCDIR/constrs_1" RelGenDir="$PGENDIR/constrs_1">
    <Filter Type="Constrs"/>
    <Config>
      <Option Name="ConstrsType" Val="XDC"/>
    </Config>
  </FileSet>
  <FileSet Name="utils" Type="Utils" RelSrcDir="$PSRCDIR/utils_1" RelGenDir="$PGENDIR/utils_1">
    <Filter Type="Utils"/>
    <File Path="$PSRCDIR/utils_1/imports/synth_1/RISC_V.dcp">
      <FileInfo>
        <Attr Name="UsedIn" Val="synthesis"/>
        <Attr Name="UsedIn" Val="implementation"/>
        <Attr Name="UsedInSteps" Val="synth_1"/>
        <Attr Name="AutoDcp" Val="1"/>
      </FileInfo>
    </File>
    <Config>
      <Option Name="TopAutoSet" Val="TRUE"/>
    </Config>
  </FileSet>
  <Strategy Version="1" Minor="2">
    <StratHandle Name="Vivado Synthesis Defaults" Flow="Vivado Synthesis 2025"/>
    <Step Id="synth_design"/>
  </Strategy>
</GenRun>
